outer_cv,model,fold,n_train,n_test,R2,RMSE,MAE,SpearmanR,best_params
random_cv_mixed,Ridge,1,91,2,0.11491716445979472,1.3171037763436904,1.2731771982979083,0.9999999999999999,{'model__alpha': np.float64(0.21544346900318823)}
random_cv_mixed,Ridge,2,91,2,-0.35963830118588325,2.9150882289240827,2.6994077430567076,-0.9999999999999999,{'model__alpha': np.float64(0.21544346900318823)}
random_cv_mixed,Ridge,3,91,2,0.7657692911396144,0.3387817104590934,0.329317122921136,0.9999999999999999,{'model__alpha': np.float64(0.21544346900318823)}
random_cv_mixed,Ridge,4,91,2,0.5028128524396869,2.9262272039022394,2.501983349038733,0.9999999999999999,{'model__alpha': np.float64(0.21544346900318823)}
random_cv_mixed,Ridge,5,91,2,0.9977384334916445,0.2425352446188539,0.22166022888710302,0.9999999999999999,{'model__alpha': np.float64(0.21544346900318823)}
random_cv_mixed,Ridge,6,91,2,0.8093571745546607,2.4887718655431375,1.9722841226287482,0.9999999999999999,{'model__alpha': np.float64(0.21544346900318823)}
random_cv_mixed,Ridge,7,91,2,-4.3370202966877285,1.7326493923719466,1.5809015981143704,0.9999999999999999,{'model__alpha': np.float64(0.46415888336127775)}
random_cv_mixed,Ridge,8,91,2,-1.810432542586029,5.364590313908501,4.035087818314072,-0.9999999999999999,{'model__alpha': np.float64(0.21544346900318823)}
random_cv_mixed,Ridge,9,91,2,-1.5889925336075432,1.689486391866567,1.5243088006071535,0.9999999999999999,{'model__alpha': np.float64(10.0)}
random_cv_mixed,Ridge,10,91,2,-1.536854582776669,2.628038546446661,2.598314161654544,0.9999999999999999,{'model__alpha': np.float64(21.54434690031882)}
random_cv_mixed,Ridge,11,91,2,-0.21329828192012346,2.8638953168333585,2.1567960643851887,0.9999999999999999,{'model__alpha': np.float64(0.46415888336127775)}
random_cv_mixed,Ridge,12,91,2,0.901529981015669,1.5376167129079312,1.514725627414359,0.9999999999999999,{'model__alpha': np.float64(21.54434690031882)}
random_cv_mixed,Ridge,13,91,2,0.5983238318296387,3.992809426291418,3.7791261815277517,0.9999999999999999,{'model__alpha': np.float64(21.54434690031882)}
random_cv_mixed,Ridge,14,91,2,0.3089130738533652,6.941491785506825,6.808823328248414,0.9999999999999999,{'model__alpha': np.float64(464.1588833612773)}
random_cv_mixed,Ridge,15,91,2,-3.197676878992363,3.6878819243483525,3.0923511601294154,-0.9999999999999999,{'model__alpha': np.float64(0.021544346900318822)}
random_cv_mixed,Ridge,16,91,2,-4.6656796301351955,2.3802688146793725,2.1682431713833497,-0.9999999999999999,{'model__alpha': np.float64(46.41588833612773)}
random_cv_mixed,Ridge,17,91,2,-64.15259121504327,2.0179288765811783,1.9346298078862656,-0.9999999999999999,{'model__alpha': np.float64(0.046415888336127774)}
random_cv_mixed,Ridge,18,91,2,-1.3359827007082359,1.604811804396652,1.3391243081372899,0.9999999999999999,{'model__alpha': np.float64(0.046415888336127774)}
random_cv_mixed,Ridge,19,91,2,-0.5650643796688799,3.0024607952299336,2.4660447070666116,-0.9999999999999999,{'model__alpha': np.float64(0.046415888336127774)}
random_cv_mixed,Ridge,20,91,2,-0.004105848833218628,6.813945586079182,4.835743742905408,0.9999999999999999,{'model__alpha': np.float64(46.41588833612773)}
random_cv_mixed,Ridge,21,91,2,0.5027177101776673,2.8207298057696555,2.2076823175792644,0.9999999999999999,{'model__alpha': np.float64(0.1)}
random_cv_mixed,Ridge,22,91,2,-2.5414863294850836,3.3873906930750817,2.4156814008129825,-0.9999999999999999,{'model__alpha': np.float64(100.0)}
random_cv_mixed,Ridge,23,91,2,-1.9581632085405545,3.353865769597148,3.17453856350067,-0.9999999999999999,{'model__alpha': np.float64(0.1)}
random_cv_mixed,Ridge,24,91,2,-243.52727640851884,7.818683975077203,5.604620264331337,-0.9999999999999999,{'model__alpha': np.float64(0.1)}
random_cv_mixed,Ridge,25,91,2,-1.3376706722588478,1.6053915149163367,1.3796277002621284,-0.9999999999999999,{'model__alpha': np.float64(0.21544346900318823)}
random_cv_mixed,Ridge,26,91,2,-0.08543600609013713,3.0734356741274724,2.955495699264282,-0.9999999999999999,{'model__alpha': np.float64(0.046415888336127774)}
random_cv_mixed,Ridge,27,91,2,-14.738373280327458,6.149100894113436,5.81359927732521,-0.9999999999999999,{'model__alpha': np.float64(0.021544346900318822)}
random_cv_mixed,Ridge,28,91,2,-1.0576332837768714,14.165147217318419,11.446829091986059,-0.9999999999999999,{'model__alpha': np.float64(0.1)}
random_cv_mixed,Ridge,29,91,2,-0.3506373604333719,11.168446470950165,8.215174239644858,0.9999999999999999,{'model__alpha': np.float64(0.21544346900318823)}
random_cv_mixed,Ridge,30,91,2,-7.480275257053728,2.4898379906708255,1.9483716911781537,-0.9999999999999999,{'model__alpha': np.float64(0.1)}
random_cv_mixed,Ridge,31,91,2,-0.5264525002372209,2.6810281942506733,2.5689669984821943,-0.9999999999999999,{'model__alpha': np.float64(0.21544346900318823)}
random_cv_mixed,Ridge,32,91,2,-4.395168435064543,4.517749115329441,4.504751618583868,-0.9999999999999999,{'model__alpha': np.float64(0.1)}
random_cv_mixed,Ridge,33,91,2,-2.8187709147498956,4.406647883683943,4.406555902930989,0.9999999999999999,{'model__alpha': np.float64(0.46415888336127775)}
random_cv_mixed,Ridge,34,91,2,-0.6449697858368735,7.7787491745412005,7.724648257070982,-0.9999999999999999,{'model__alpha': np.float64(1.0)}
random_cv_mixed,Ridge,35,91,2,-0.3207505481644082,7.602216759304582,5.382790676950176,0.9999999999999999,{'model__alpha': np.float64(0.21544346900318823)}
random_cv_mixed,Ridge,36,91,2,0.5318623070227707,6.157852964398839,4.696718928807114,0.9999999999999999,{'model__alpha': np.float64(0.1)}
random_cv_mixed,Ridge,37,91,2,0.23106034030708422,7.892028410689234,7.4702474779101316,0.9999999999999999,{'model__alpha': np.float64(0.21544346900318823)}
random_cv_mixed,Ridge,38,91,2,-0.27865035692093265,2.94001299534296,2.734604819644205,-0.9999999999999999,{'model__alpha': np.float64(0.46415888336127775)}
random_cv_mixed,Ridge,39,91,2,-2.66113977318599,2.4874336607604843,1.9329260205930066,-0.9999999999999999,{'model__alpha': np.float64(0.21544346900318823)}
random_cv_mixed,Ridge,40,91,2,0.5797479717779386,1.8475651813220764,1.706152784938019,0.9999999999999999,{'model__alpha': np.float64(0.46415888336127775)}
random_cv_mixed,Ridge,41,91,2,-1.5509511517907622,3.673490382861123,2.83258457652237,0.9999999999999999,{'model__alpha': np.float64(0.21544346900318823)}
random_cv_mixed,Ridge,42,91,2,-2.4090266094349486,5.262111613709403,4.697309549698832,0.9999999999999999,{'model__alpha': np.float64(0.21544346900318823)}
random_cv_mixed,Ridge,43,91,2,-1.5282662174093615,5.962696007874221,4.389266157760909,-0.9999999999999999,{'model__alpha': np.float64(0.46415888336127775)}
random_cv_mixed,Ridge,44,92,1,,,,,{'model__alpha': np.float64(0.46415888336127775)}
random_cv_mixed,Ridge,45,92,1,,,,,{'model__alpha': np.float64(0.46415888336127775)}
random_cv_mixed,Ridge,46,92,1,,,,,{'model__alpha': np.float64(1.0)}
random_cv_mixed,Ridge,47,92,1,,,,,{'model__alpha': np.float64(0.21544346900318823)}
random_cv_mixed,Ridge,48,92,1,,,,,{'model__alpha': np.float64(0.21544346900318823)}
random_cv_mixed,Ridge,49,92,1,,,,,{'model__alpha': np.float64(0.21544346900318823)}
random_cv_mixed,Ridge,50,92,1,,,,,{'model__alpha': np.float64(0.21544346900318823)}
random_cv_mixed,ElasticNet,1,91,2,0.40950152184091304,1.075814583091257,0.9152147832755926,0.9999999999999999,"{'model__alpha': np.float64(0.00379269019073225), 'model__l1_ratio': 0.9}"
random_cv_mixed,ElasticNet,2,91,2,-0.44370191949767346,3.0038536909877007,2.7624688564883275,-0.9999999999999999,"{'model__alpha': np.float64(0.00379269019073225), 'model__l1_ratio': 0.9}"
random_cv_mixed,ElasticNet,3,91,2,0.7650901118880286,0.33927252345992603,0.33497586881697927,0.9999999999999999,"{'model__alpha': np.float64(0.00379269019073225), 'model__l1_ratio': 0.9}"
random_cv_mixed,ElasticNet,4,91,2,0.5175929271309553,2.882404519231669,2.4008192695651642,0.9999999999999999,"{'model__alpha': np.float64(0.00379269019073225), 'model__l1_ratio': 0.9}"
random_cv_mixed,ElasticNet,5,91,2,0.9970570574170906,0.2766693632867096,0.2335663611290686,0.9999999999999999,"{'model__alpha': np.float64(0.00379269019073225), 'model__l1_ratio': 0.5}"
random_cv_mixed,ElasticNet,6,91,2,0.8945096935319073,1.8513184645404281,1.5041735421377425,0.9999999999999999,"{'model__alpha': np.float64(0.00379269019073225), 'model__l1_ratio': 0.5}"
random_cv_mixed,ElasticNet,7,91,2,-3.39522374951863,1.5723591698795325,1.503013502295576,0.9999999999999999,"{'model__alpha': np.float64(0.00379269019073225), 'model__l1_ratio': 0.9}"
random_cv_mixed,ElasticNet,8,91,2,-1.5928845982216502,5.1527796659463005,3.9219256151230937,-0.9999999999999999,"{'model__alpha': np.float64(0.00379269019073225), 'model__l1_ratio': 0.9}"
random_cv_mixed,ElasticNet,9,91,2,-0.38529642770108596,1.2358354710641883,1.2181949700971133,0.9999999999999999,"{'model__alpha': np.float64(0.14384498882876628), 'model__l1_ratio': 0.9}"
random_cv_mixed,ElasticNet,10,91,2,-1.1048636631270536,2.39384446505269,2.30234093290347,0.9999999999999999,"{'model__alpha': np.float64(0.14384498882876628), 'model__l1_ratio': 0.9}"
random_cv_mixed,ElasticNet,11,91,2,0.013849501349769255,2.5819328749747865,2.2133557239988564,0.9999999999999999,"{'model__alpha': np.float64(0.14384498882876628), 'model__l1_ratio': 0.9}"
random_cv_mixed,ElasticNet,12,91,2,0.6659964139530938,2.8318591244951126,2.589203684881208,0.9999999999999999,"{'model__alpha': np.float64(0.14384498882876628), 'model__l1_ratio': 0.9}"
random_cv_mixed,ElasticNet,13,91,2,0.4522747945106793,4.662532938851059,4.272715785281424,0.9999999999999999,"{'model__alpha': np.float64(0.14384498882876628), 'model__l1_ratio': 0.9}"
random_cv_mixed,ElasticNet,14,91,2,0.41694524442845793,6.375894854476258,6.251198545328725,0.9999999999999999,"{'model__alpha': np.float64(0.14384498882876628), 'model__l1_ratio': 0.9}"
random_cv_mixed,ElasticNet,15,91,2,-2.662655365709278,3.444851721757862,2.778932783624956,-0.9999999999999999,"{'model__alpha': np.float64(0.0018329807108324356), 'model__l1_ratio': 0.9}"
random_cv_mixed,ElasticNet,16,91,2,-4.199939389751172,2.2803375604833436,2.047291006847945,-0.9999999999999999,"{'model__alpha': np.float64(0.14384498882876628), 'model__l1_ratio': 0.9}"
random_cv_mixed,ElasticNet,17,91,2,-71.01142916140515,2.1214887043271737,2.036533128785977,-0.9999999999999999,"{'model__alpha': np.float64(0.0018329807108324356), 'model__l1_ratio': 0.9}"
random_cv_mixed,ElasticNet,18,91,2,-1.286025897756681,1.587558991746999,1.2407693682662675,0.9999999999999999,"{'model__alpha': np.float64(0.0018329807108324356), 'model__l1_ratio': 0.9}"
random_cv_mixed,ElasticNet,19,91,2,-0.5340681869058435,2.972580151413528,2.2949461406992127,0.9999999999999999,"{'model__alpha': np.float64(0.0018329807108324356), 'model__l1_ratio': 0.9}"
random_cv_mixed,ElasticNet,20,91,2,-0.07934617159677959,7.064627872339422,5.1070567838535395,0.9999999999999999,"{'model__alpha': np.float64(0.14384498882876628), 'model__l1_ratio': 0.9}"
random_cv_mixed,ElasticNet,21,91,2,-1.0402709245742274,5.713522100525002,5.274404322151508,0.9999999999999999,"{'model__alpha': np.float64(0.14384498882876628), 'model__l1_ratio': 0.9}"
random_cv_mixed,ElasticNet,22,91,2,-2.05803285380533,3.1477017721393623,2.2338399682286716,-0.9999999999999999,"{'model__alpha': np.float64(0.14384498882876628), 'model__l1_ratio': 0.9}"
random_cv_mixed,ElasticNet,23,91,2,-1.840032247196553,3.286217068296753,3.116555145702473,-0.9999999999999999,"{'model__alpha': np.float64(0.0018329807108324356), 'model__l1_ratio': 0.5}"
random_cv_mixed,ElasticNet,24,91,2,-216.1942148684311,7.368755235255626,5.280348803336351,-0.9999999999999999,"{'model__alpha': np.float64(0.0018329807108324356), 'model__l1_ratio': 0.1}"
random_cv_mixed,ElasticNet,25,91,2,-1.0849986282827087,1.5161500544740543,1.2752672126479672,-0.9999999999999999,"{'model__alpha': np.float64(0.0018329807108324356), 'model__l1_ratio': 0.1}"
random_cv_mixed,ElasticNet,26,91,2,-0.16823003060020425,3.188498367774123,3.0216542945712295,-0.9999999999999999,"{'model__alpha': np.float64(0.0018329807108324356), 'model__l1_ratio': 0.9}"
random_cv_mixed,ElasticNet,27,91,2,-12.345412436799055,5.662362879523855,5.16795300283917,-0.9999999999999999,"{'model__alpha': np.float64(0.00042813323987193956), 'model__l1_ratio': 0.1}"
random_cv_mixed,ElasticNet,28,91,2,-1.0586729902348395,14.168725535960142,11.47778847262631,-0.9999999999999999,"{'model__alpha': np.float64(0.0008858667904100823), 'model__l1_ratio': 0.1}"
random_cv_mixed,ElasticNet,29,91,2,-0.31111411535377775,11.003823966810991,8.04246768727884,0.9999999999999999,"{'model__alpha': np.float64(0.0018329807108324356), 'model__l1_ratio': 0.1}"
random_cv_mixed,ElasticNet,30,91,2,-7.558537362688355,2.50130061679105,1.9274384440235695,-0.9999999999999999,"{'model__alpha': np.float64(0.0018329807108324356), 'model__l1_ratio': 0.5}"
random_cv_mixed,ElasticNet,31,91,2,-0.46798203985522235,2.6291786982771317,2.4683347154011273,-0.9999999999999999,"{'model__alpha': np.float64(0.0018329807108324356), 'model__l1_ratio': 0.9}"
random_cv_mixed,ElasticNet,32,91,2,-4.556368663751955,4.584744438263724,4.57197706623568,-0.9999999999999999,"{'model__alpha': np.float64(0.0018329807108324356), 'model__l1_ratio': 0.9}"
random_cv_mixed,ElasticNet,33,91,2,-2.8668608456921536,4.434307620346815,4.428414029295506,0.9999999999999999,"{'model__alpha': np.float64(0.00379269019073225), 'model__l1_ratio': 0.5}"
random_cv_mixed,ElasticNet,34,91,2,-0.7640653584239117,8.055419111316981,8.00997062988715,-0.9999999999999999,"{'model__alpha': np.float64(0.007847599703514606), 'model__l1_ratio': 0.9}"
random_cv_mixed,ElasticNet,35,91,2,-0.4058895319152773,7.843419564366893,5.635801938077912,0.9999999999999999,"{'model__alpha': np.float64(0.00379269019073225), 'model__l1_ratio': 0.9}"
random_cv_mixed,ElasticNet,36,91,2,0.4521214286106544,6.661693799818256,5.164469764594038,0.9999999999999999,"{'model__alpha': np.float64(0.00379269019073225), 'model__l1_ratio': 0.9}"
random_cv_mixed,ElasticNet,37,91,2,0.30295069898875593,7.5140530595618396,7.136992531271332,0.9999999999999999,"{'model__alpha': np.float64(0.00379269019073225), 'model__l1_ratio': 0.9}"
random_cv_mixed,ElasticNet,38,91,2,-0.11050790194387217,2.7398966070165054,2.5894670718512813,0.9999999999999999,"{'model__alpha': np.float64(0.00379269019073225), 'model__l1_ratio': 0.9}"
random_cv_mixed,ElasticNet,39,91,2,-2.876879171164237,2.559672986783183,2.050811453429649,-0.9999999999999999,"{'model__alpha': np.float64(0.00379269019073225), 'model__l1_ratio': 0.9}"
random_cv_mixed,ElasticNet,40,91,2,0.3649380074319062,2.271187142142698,2.0669855900682883,0.9999999999999999,"{'model__alpha': np.float64(0.00379269019073225), 'model__l1_ratio': 0.9}"
random_cv_mixed,ElasticNet,41,91,2,-1.204409688096205,3.414868555307649,2.441115003097022,0.9999999999999999,"{'model__alpha': np.float64(0.00379269019073225), 'model__l1_ratio': 0.5}"
random_cv_mixed,ElasticNet,42,91,2,-2.476813222626798,5.314171186627899,4.787835652681518,0.9999999999999999,"{'model__alpha': np.float64(0.00379269019073225), 'model__l1_ratio': 0.9}"
random_cv_mixed,ElasticNet,43,91,2,-0.652867325795337,4.821145794206699,3.5155910374260673,0.9999999999999999,"{'model__alpha': np.float64(0.00379269019073225), 'model__l1_ratio': 0.9}"
random_cv_mixed,ElasticNet,44,92,1,,,,,"{'model__alpha': np.float64(0.00379269019073225), 'model__l1_ratio': 0.9}"
random_cv_mixed,ElasticNet,45,92,1,,,,,"{'model__alpha': np.float64(0.00379269019073225), 'model__l1_ratio': 0.9}"
random_cv_mixed,ElasticNet,46,92,1,,,,,"{'model__alpha': np.float64(0.01623776739188721), 'model__l1_ratio': 0.1}"
random_cv_mixed,ElasticNet,47,92,1,,,,,"{'model__alpha': np.float64(0.00379269019073225), 'model__l1_ratio': 0.9}"
random_cv_mixed,ElasticNet,48,92,1,,,,,"{'model__alpha': np.float64(0.00379269019073225), 'model__l1_ratio': 0.9}"
random_cv_mixed,ElasticNet,49,92,1,,,,,"{'model__alpha': np.float64(0.00379269019073225), 'model__l1_ratio': 0.9}"
random_cv_mixed,ElasticNet,50,92,1,,,,,"{'model__alpha': np.float64(0.00379269019073225), 'model__l1_ratio': 0.9}"
random_cv_mixed,PLSR,1,91,2,-0.1522838653178349,1.5028228026028105,1.4795943319250373,0.9999999999999999,{'model__n_components': 9}
random_cv_mixed,PLSR,2,91,2,-0.7640407186191622,3.3204298654496127,3.0769173137351995,-0.9999999999999999,{'model__n_components': 9}
random_cv_mixed,PLSR,3,91,2,-0.7423967686273782,0.9239991431962563,0.8254042855698724,-0.9999999999999999,{'model__n_components': 9}
random_cv_mixed,PLSR,4,91,2,0.6495691307865612,2.456683871609953,2.0112257054811824,0.9999999999999999,{'model__n_components': 9}
random_cv_mixed,PLSR,5,91,2,0.9866120281339955,0.5901026590643151,0.45098656574092466,0.9999999999999999,{'model__n_components': 8}
random_cv_mixed,PLSR,6,91,2,0.7228820141467189,3.0005938346222556,2.128472357995186,0.9999999999999999,{'model__n_components': 8}
random_cv_mixed,PLSR,7,91,2,-3.9974080571844803,1.6766162447519994,1.3413693110062699,-0.9999999999999999,{'model__n_components': 8}
random_cv_mixed,PLSR,8,91,2,-1.5517662007057318,5.1117595693876945,3.802691058711604,-0.9999999999999999,{'model__n_components': 9}
random_cv_mixed,PLSR,9,91,2,-1.3542278078170011,1.6110667764305235,1.6106234994261337,0.9999999999999999,{'model__n_components': 2}
random_cv_mixed,PLSR,10,91,2,-1.0507150674765264,2.3628524649678915,2.0502726493384342,0.9999999999999999,{'model__n_components': 2}
random_cv_mixed,PLSR,11,91,2,-0.19653801180802444,2.8440458786423,2.2807530856533447,0.9999999999999999,{'model__n_components': 2}
random_cv_mixed,PLSR,12,91,2,0.7451775617347725,2.4735170795343464,2.0767484071086404,0.9999999999999999,{'model__n_components': 2}
random_cv_mixed,PLSR,13,91,2,0.6436579501994091,3.76074672858801,3.459000971016379,0.9999999999999999,{'model__n_components': 2}
random_cv_mixed,PLSR,14,91,2,0.4194384867920772,6.36224803859763,6.0906771733760205,0.9999999999999999,{'model__n_components': 9}
random_cv_mixed,PLSR,15,91,2,-2.2925668807962265,3.2661776886415432,2.3769469126580844,-0.9999999999999999,{'model__n_components': 9}
random_cv_mixed,PLSR,16,91,2,-3.2516773029017614,2.061959578386958,1.9220104342837399,-0.9999999999999999,{'model__n_components': 2}
random_cv_mixed,PLSR,17,91,2,-73.44200262806324,2.156994474785209,2.131893049244968,-0.9999999999999999,{'model__n_components': 11}
random_cv_mixed,PLSR,18,91,2,-1.4746808352938396,1.6517674233715431,1.5105251366655867,0.9999999999999999,{'model__n_components': 11}
random_cv_mixed,PLSR,19,91,2,-1.292890006808031,3.6341500298163645,2.779228561873113,-0.9999999999999999,{'model__n_components': 11}
random_cv_mixed,PLSR,20,91,2,0.09867000280265237,6.455811263536543,4.7072700906034886,0.9999999999999999,{'model__n_components': 2}
random_cv_mixed,PLSR,21,91,2,-0.8535291527223903,5.445775100346895,5.299120372295085,0.9999999999999999,{'model__n_components': 2}
random_cv_mixed,PLSR,22,91,2,-2.3956144508939463,3.3168947557763118,2.617385576731204,-0.9999999999999999,{'model__n_components': 2}
random_cv_mixed,PLSR,23,91,2,-1.88334827918109,3.3111828447831306,3.1510869717528296,-0.9999999999999999,{'model__n_components': 11}
random_cv_mixed,PLSR,24,91,2,-252.38532158256416,7.9590407962040475,5.850322613596459,-0.9999999999999999,{'model__n_components': 11}
random_cv_mixed,PLSR,25,91,2,-0.48860856971581157,1.2810897502172425,0.9656065906342368,0.9999999999999999,{'model__n_components': 11}
random_cv_mixed,PLSR,26,91,2,-0.44233754126871894,3.542872062732578,3.4463585352328403,-0.9999999999999999,{'model__n_components': 11}
random_cv_mixed,PLSR,27,91,2,-13.682370014633324,5.9392250302675444,4.71240582266195,-0.9999999999999999,{'model__n_components': 11}
random_cv_mixed,PLSR,28,91,2,-0.9927230697329374,13.939929540601192,11.475999148238614,-0.9999999999999999,{'model__n_components': 11}
random_cv_mixed,PLSR,29,91,2,-0.2309031358666167,10.661917721210743,7.67201646017925,0.9999999999999999,{'model__n_components': 10}
random_cv_mixed,PLSR,30,91,2,-6.219509509042558,2.297311894116222,1.9138392480370152,-0.9999999999999999,{'model__n_components': 11}
random_cv_mixed,PLSR,31,91,2,-1.1923701343498743,3.213043996841638,3.064054197759514,-0.9999999999999999,{'model__n_components': 4}
random_cv_mixed,PLSR,32,91,2,-5.377741106801957,4.911939947776171,4.9100463353433135,-0.9999999999999999,{'model__n_components': 11}
random_cv_mixed,PLSR,33,91,2,-2.1552419338679276,4.005556654794291,3.887999065131746,0.9999999999999999,{'model__n_components': 4}
random_cv_mixed,PLSR,34,91,2,-1.0207951463852742,8.62168100451089,8.614961016969065,-0.9999999999999999,{'model__n_components': 5}
random_cv_mixed,PLSR,35,91,2,-0.7554825061229233,8.764519295802291,6.490894835705904,0.9999999999999999,{'model__n_components': 5}
random_cv_mixed,PLSR,36,91,2,0.5058642339221854,6.326531202191528,4.710457235108344,0.9999999999999999,{'model__n_components': 11}
random_cv_mixed,PLSR,37,91,2,0.08986422022250096,8.586093300330324,7.757069978061962,0.9999999999999999,{'model__n_components': 11}
random_cv_mixed,PLSR,38,91,2,-0.9615121670631637,3.6414038844032333,3.1590293057808037,-0.9999999999999999,{'model__n_components': 5}
random_cv_mixed,PLSR,39,91,2,-1.9860127986716538,2.2464108328075434,1.8130140268724277,-0.9999999999999999,{'model__n_components': 5}
random_cv_mixed,PLSR,40,91,2,0.9219997735792705,0.795962837764661,0.7378035831900549,0.9999999999999999,{'model__n_components': 5}
random_cv_mixed,PLSR,41,91,2,-2.1888789062464316,4.107209443654373,3.921193192366541,0.9999999999999999,{'model__n_components': 5}
random_cv_mixed,PLSR,42,91,2,-3.5546026752907967,6.082331808611686,5.357033038597177,-0.9999999999999999,{'model__n_components': 11}
random_cv_mixed,PLSR,43,91,2,-2.7981157341939853,7.308283143947212,5.527517368452275,-0.9999999999999999,{'model__n_components': 5}
random_cv_mixed,PLSR,44,92,1,,,,,{'model__n_components': 3}
random_cv_mixed,PLSR,45,92,1,,,,,{'model__n_components': 3}
random_cv_mixed,PLSR,46,92,1,,,,,{'model__n_components': 3}
random_cv_mixed,PLSR,47,92,1,,,,,{'model__n_components': 11}
random_cv_mixed,PLSR,48,92,1,,,,,{'model__n_components': 9}
random_cv_mixed,PLSR,49,92,1,,,,,{'model__n_components': 9}
random_cv_mixed,PLSR,50,92,1,,,,,{'model__n_components': 9}
random_cv_mixed,SVR_RBF,1,91,2,-1.1156313699508544,2.036329414683119,1.9495920726245561,0.9999999999999999,"{'model__C': 1, 'model__epsilon': 0.01, 'model__gamma': 'scale'}"
random_cv_mixed,SVR_RBF,2,91,2,-0.052293790522231376,2.564534302902562,2.3211223108988754,0.9999999999999999,"{'model__C': 10, 'model__epsilon': 0.2, 'model__gamma': 0.01}"
random_cv_mixed,SVR_RBF,3,91,2,-1.785916244221208,1.1683744946156573,1.0586837147685335,0.9999999999999999,"{'model__C': 1, 'model__epsilon': 0.1, 'model__gamma': 'scale'}"
random_cv_mixed,SVR_RBF,4,91,2,0.5860892940083163,2.6699395375067567,2.0962739471531746,0.9999999999999999,"{'model__C': 1, 'model__epsilon': 0.1, 'model__gamma': 'scale'}"
random_cv_mixed,SVR_RBF,5,91,2,0.9812952689782108,0.6975027267880293,0.5923607306399807,0.9999999999999999,"{'model__C': 1, 'model__epsilon': 0.2, 'model__gamma': 'scale'}"
random_cv_mixed,SVR_RBF,6,91,2,0.636014182736454,3.438880515937214,3.4039336244350897,0.9999999999999999,"{'model__C': 1, 'model__epsilon': 0.2, 'model__gamma': 'scale'}"
random_cv_mixed,SVR_RBF,7,91,2,0.9784251755137905,0.11016278306893386,0.10962273236687015,0.9999999999999999,"{'model__C': 1, 'model__epsilon': 0.2, 'model__gamma': 'scale'}"
random_cv_mixed,SVR_RBF,8,91,2,0.9089436488626705,0.9656174375218439,0.9098353379388708,0.9999999999999999,"{'model__C': 1, 'model__epsilon': 0.2, 'model__gamma': 'scale'}"
random_cv_mixed,SVR_RBF,9,91,2,-2.9726904412578268,2.092818962903085,1.7462085150734472,-0.9999999999999999,"{'model__C': 1, 'model__epsilon': 0.01, 'model__gamma': 'scale'}"
random_cv_mixed,SVR_RBF,10,91,2,-0.6311999913865514,2.1073542598599513,1.8040993244398322,-0.9999999999999999,"{'model__C': 1, 'model__epsilon': 0.2, 'model__gamma': 'scale'}"
random_cv_mixed,SVR_RBF,11,91,2,0.033152376817716434,2.5565386624716324,2.0928252861915126,0.9999999999999999,"{'model__C': 1, 'model__epsilon': 0.01, 'model__gamma': 'scale'}"
random_cv_mixed,SVR_RBF,12,91,2,0.8839527105196059,1.6692200036017615,1.2913530209969801,0.9999999999999999,"{'model__C': 1, 'model__epsilon': 0.1, 'model__gamma': 'scale'}"
random_cv_mixed,SVR_RBF,13,91,2,0.8828857542933383,2.1559833979178493,2.0346099447169808,0.9999999999999999,"{'model__C': 1, 'model__epsilon': 0.01, 'model__gamma': 'scale'}"
random_cv_mixed,SVR_RBF,14,91,2,0.715516024242572,4.45364277864169,4.350113163477811,0.9999999999999999,"{'model__C': 10, 'model__epsilon': 0.2, 'model__gamma': 0.01}"
random_cv_mixed,SVR_RBF,15,91,2,-6.915191065308579,5.064110884607474,4.015060466208121,-0.9999999999999999,"{'model__C': 10, 'model__epsilon': 0.01, 'model__gamma': 'scale'}"
random_cv_mixed,SVR_RBF,16,91,2,-1.595707569084802,1.6111199735230082,1.3110538145138362,-0.9999999999999999,"{'model__C': 1, 'model__epsilon': 0.01, 'model__gamma': 0.1}"
random_cv_mixed,SVR_RBF,17,91,2,-71.37685162925465,2.126864647039953,2.11616386567965,-0.9999999999999999,"{'model__C': 1, 'model__epsilon': 0.01, 'model__gamma': 0.1}"
random_cv_mixed,SVR_RBF,18,91,2,-5.110552309689555,2.5955507934603697,1.9451251921637436,-0.9999999999999999,"{'model__C': 1, 'model__epsilon': 0.2, 'model__gamma': 0.1}"
random_cv_mixed,SVR_RBF,19,91,2,0.5937864306037692,1.52963726409966,1.5089423778975055,0.9999999999999999,"{'model__C': 1, 'model__epsilon': 0.2, 'model__gamma': 0.1}"
random_cv_mixed,SVR_RBF,20,91,2,-0.07112671139195825,7.037677112141767,5.029578563062196,0.9999999999999999,"{'model__C': 1, 'model__epsilon': 0.2, 'model__gamma': 0.1}"
random_cv_mixed,SVR_RBF,21,91,2,-0.43325983527469636,4.788753216067323,4.363310005150607,0.9999999999999999,"{'model__C': 1, 'model__epsilon': 0.1, 'model__gamma': 0.1}"
random_cv_mixed,SVR_RBF,22,91,2,-1.293776597545544,2.7261394271107213,2.137466921533806,-0.9999999999999999,"{'model__C': 1, 'model__epsilon': 0.01, 'model__gamma': 0.1}"
random_cv_mixed,SVR_RBF,23,91,2,-0.8817584463204184,2.6749554187188616,2.674726581489698,-0.9999999999999999,"{'model__C': 1, 'model__epsilon': 0.1, 'model__gamma': 'scale'}"
random_cv_mixed,SVR_RBF,24,91,2,-285.91539361180526,8.469288541722412,6.231369199188967,-0.9999999999999999,"{'model__C': 10, 'model__epsilon': 0.01, 'model__gamma': 'scale'}"
random_cv_mixed,SVR_RBF,25,91,2,-4.305830286559379,2.418610735718275,2.418127466492326,-0.9999999999999999,"{'model__C': 10, 'model__epsilon': 0.2, 'model__gamma': 0.01}"
random_cv_mixed,SVR_RBF,26,91,2,-0.03217632830741035,2.997084332663199,2.850252034427198,0.9999999999999999,"{'model__C': 10, 'model__epsilon': 0.2, 'model__gamma': 0.01}"
random_cv_mixed,SVR_RBF,27,91,2,-8.819117281148362,4.856997968700306,4.791772638306191,0.9999999999999999,"{'model__C': 10, 'model__epsilon': 0.2, 'model__gamma': 0.01}"
random_cv_mixed,SVR_RBF,28,91,2,-0.6248678274113564,12.587692470520972,10.037916471885104,-0.9999999999999999,"{'model__C': 10, 'model__epsilon': 0.2, 'model__gamma': 'scale'}"
random_cv_mixed,SVR_RBF,29,91,2,-0.6573993322948801,12.371916135992453,9.48406939049826,0.9999999999999999,"{'model__C': 1, 'model__epsilon': 0.01, 'model__gamma': 'scale'}"
random_cv_mixed,SVR_RBF,30,91,2,-3.029284611044602,1.7162481705129056,1.2965908604935228,-0.9999999999999999,"{'model__C': 10, 'model__epsilon': 0.2, 'model__gamma': 0.01}"
random_cv_mixed,SVR_RBF,31,91,2,-0.3040353314183417,2.478017750565118,2.4360299971983963,-0.9999999999999999,"{'model__C': 1, 'model__epsilon': 0.1, 'model__gamma': 'scale'}"
random_cv_mixed,SVR_RBF,32,91,2,-6.356128174099036,5.2752646176112234,5.271995056766157,-0.9999999999999999,"{'model__C': 1, 'model__epsilon': 0.1, 'model__gamma': 'scale'}"
random_cv_mixed,SVR_RBF,33,91,2,-1.8405467393709554,3.8005593250691216,3.6637032685986837,0.9999999999999999,"{'model__C': 10, 'model__epsilon': 0.2, 'model__gamma': 0.01}"
random_cv_mixed,SVR_RBF,34,91,2,-0.34009916584632593,7.021004859619711,6.427977114373663,-0.9999999999999999,"{'model__C': 1, 'model__epsilon': 0.2, 'model__gamma': 'scale'}"
random_cv_mixed,SVR_RBF,35,91,2,-0.2124568353475167,7.283883511144625,5.64068969860732,0.9999999999999999,"{'model__C': 10, 'model__epsilon': 0.2, 'model__gamma': 0.01}"
random_cv_mixed,SVR_RBF,36,91,2,0.6158725415376056,5.578021525187398,4.062455539239974,0.9999999999999999,"{'model__C': 1, 'model__epsilon': 0.1, 'model__gamma': 'scale'}"
random_cv_mixed,SVR_RBF,37,91,2,0.5335948221261853,6.14644770642189,5.972221281710535,0.9999999999999999,"{'model__C': 10, 'model__epsilon': 0.2, 'model__gamma': 0.01}"
random_cv_mixed,SVR_RBF,38,91,2,-0.24688028333569223,2.9032586373503237,2.763739388213379,-0.9999999999999999,"{'model__C': 1, 'model__epsilon': 0.2, 'model__gamma': 'scale'}"
random_cv_mixed,SVR_RBF,39,91,2,-0.3224075372050059,1.4949477375067175,1.4833494989966987,-0.9999999999999999,"{'model__C': 10, 'model__epsilon': 0.2, 'model__gamma': 0.01}"
random_cv_mixed,SVR_RBF,40,91,2,-0.8175872792873633,3.8423108510389334,3.376420028634983,0.9999999999999999,"{'model__C': 10, 'model__epsilon': 0.2, 'model__gamma': 0.01}"
random_cv_mixed,SVR_RBF,41,91,2,-0.7670091479573533,3.0573646155953367,3.057314963605199,0.9999999999999999,"{'model__C': 1, 'model__epsilon': 0.2, 'model__gamma': 'scale'}"
random_cv_mixed,SVR_RBF,42,91,2,-2.2830979868254024,5.1640065257500725,4.170636624365714,-0.9999999999999999,"{'model__C': 1, 'model__epsilon': 0.2, 'model__gamma': 'scale'}"
random_cv_mixed,SVR_RBF,43,91,2,-0.05958945415959871,3.8601135603916323,3.4545978440368126,0.9999999999999999,"{'model__C': 10, 'model__epsilon': 0.1, 'model__gamma': 'scale'}"
random_cv_mixed,SVR_RBF,44,92,1,,,,,"{'model__C': 10, 'model__epsilon': 0.2, 'model__gamma': 0.01}"
random_cv_mixed,SVR_RBF,45,92,1,,,,,"{'model__C': 1, 'model__epsilon': 0.01, 'model__gamma': 'scale'}"
random_cv_mixed,SVR_RBF,46,92,1,,,,,"{'model__C': 10, 'model__epsilon': 0.2, 'model__gamma': 0.01}"
random_cv_mixed,SVR_RBF,47,92,1,,,,,"{'model__C': 10, 'model__epsilon': 0.2, 'model__gamma': 0.01}"
random_cv_mixed,SVR_RBF,48,92,1,,,,,"{'model__C': 10, 'model__epsilon': 0.2, 'model__gamma': 0.01}"
random_cv_mixed,SVR_RBF,49,92,1,,,,,"{'model__C': 1, 'model__epsilon': 0.1, 'model__gamma': 'scale'}"
random_cv_mixed,SVR_RBF,50,92,1,,,,,"{'model__C': 1, 'model__epsilon': 0.1, 'model__gamma': 'scale'}"
random_cv_mixed,GPR,1,91,2,-4.842526395558078,3.383984594423249,3.125757696600253,0.9999999999999999,{}
random_cv_mixed,GPR,2,91,2,0.6691330219906675,1.4380259429364695,1.228555967434093,0.9999999999999999,{}
random_cv_mixed,GPR,3,91,2,-0.6974685542202863,0.9120085479686804,0.8921302545846963,0.9999999999999999,{}
random_cv_mixed,GPR,4,91,2,0.09424348211531552,3.949606515751794,3.3947814375862713,0.9999999999999999,{}
random_cv_mixed,GPR,5,91,2,0.4990203107808384,3.6097758540649534,2.893688676150516,0.9999999999999999,{}
random_cv_mixed,GPR,6,91,2,0.7894065146140704,2.6157565521639903,2.3465324610322567,0.9999999999999999,{}
random_cv_mixed,GPR,7,91,2,0.08139459635905566,0.718829284008405,0.5794027552062024,0.9999999999999999,{}
random_cv_mixed,GPR,8,91,2,0.7807127345654372,1.4984997824657567,1.3040904355432943,0.9999999999999999,{}
random_cv_mixed,GPR,9,91,2,-2.600409260256811,1.9923481647124648,1.9563885918363484,0.9999999999999999,{}
random_cv_mixed,GPR,10,91,2,-0.6297837311694037,2.106439224878966,1.64531552105423,0.9999999999999999,{}
random_cv_mixed,GPR,11,91,2,-0.3341742394109424,3.003167970396924,2.405669976755256,0.9999999999999999,{}
random_cv_mixed,GPR,12,91,2,0.6710217932292805,2.8104744696518744,2.1068677509104354,0.9999999999999999,{}
random_cv_mixed,GPR,13,91,2,0.9072201983505991,1.9189659526590652,1.8843164943490773,0.9999999999999999,{}
random_cv_mixed,GPR,14,91,2,0.7399681909615722,4.257941733476608,3.5983384405469727,0.9999999999999999,{}
random_cv_mixed,GPR,15,91,2,-2.4357497704236297,3.336439607751443,2.887227435346465,0.9999999999999999,{}
random_cv_mixed,GPR,16,91,2,0.024401616094138046,0.9877238398995204,0.8839688358170497,0.9999999999999999,{}
random_cv_mixed,GPR,17,91,2,-26.37481670495116,1.308023716933082,1.2879824971424743,-0.9999999999999999,{}
random_cv_mixed,GPR,18,91,2,-1.824209149920779,1.76456526878086,1.4061566564992782,-0.9999999999999999,{}
random_cv_mixed,GPR,19,91,2,0.6432398595702469,1.433505636150546,1.2967948318715612,0.9999999999999999,{}
random_cv_mixed,GPR,20,91,2,0.05983386536464319,6.593427186641166,4.664290142058635,0.9999999999999999,{}
random_cv_mixed,GPR,21,91,2,-0.6688262962627698,5.167322395613061,4.515344130251992,0.9999999999999999,{}
random_cv_mixed,GPR,22,91,2,-2.357728560619664,3.2983390572237603,2.4101972431756926,-0.9999999999999999,{}
random_cv_mixed,GPR,23,91,2,-0.6716485639161149,2.521198854571181,2.2127865318401563,-0.9999999999999999,{}
random_cv_mixed,GPR,24,91,2,-24.261844045752767,2.5130580994951397,2.00347610507297,-0.9999999999999999,{}
random_cv_mixed,GPR,25,91,2,-0.4714544316549443,1.2736869752413935,1.0549559382057625,0.9999999999999999,{}
random_cv_mixed,GPR,26,91,2,-0.5003868488255818,3.613463235167142,3.14434731878303,-0.9999999999999999,{}
random_cv_mixed,GPR,27,91,2,-10.53344236944249,5.263942941615681,4.3919515839187415,-0.9999999999999999,{}
random_cv_mixed,GPR,28,91,2,-0.3571902044607671,11.504227528690024,8.984956952082191,0.9999999999999999,{}
random_cv_mixed,GPR,29,91,2,-0.3273078733890509,11.071570324665483,8.533347957633866,0.9999999999999999,{}
random_cv_mixed,GPR,30,91,2,-7.632127543635496,2.512031257286854,2.2426883431692053,-0.9999999999999999,{}
random_cv_mixed,GPR,31,91,2,-1.8015459245951524,3.632106772153879,3.31353147556037,-0.9999999999999999,{}
random_cv_mixed,GPR,32,91,2,-4.909404901444127,4.728152543783414,4.724477860991197,-0.9999999999999999,{}
random_cv_mixed,GPR,33,91,2,-6.047214701896412,5.986256170555263,4.860440263129665,-0.9999999999999999,{}
random_cv_mixed,GPR,34,91,2,0.08091334647365633,5.814455284702952,5.371440733794172,0.9999999999999999,{}
random_cv_mixed,GPR,35,91,2,-0.24157022160095964,7.370814684287932,5.674386745776015,0.9999999999999999,{}
random_cv_mixed,GPR,36,91,2,0.5491526058154858,6.043065358652481,4.73753195976225,0.9999999999999999,{}
random_cv_mixed,GPR,37,91,2,0.6818496663196876,5.076433494896318,4.818757284482325,0.9999999999999999,{}
random_cv_mixed,GPR,38,91,2,0.7525009421662442,1.2934812062632317,1.1974919941315134,0.9999999999999999,{}
random_cv_mixed,GPR,39,91,2,0.14065226520508312,1.2051131365159893,1.2025122655777718,0.9999999999999999,{}
random_cv_mixed,GPR,40,91,2,0.9615153183984185,0.5590991202898138,0.47992578382290585,0.9999999999999999,{}
random_cv_mixed,GPR,41,91,2,0.28665678820016793,1.9425719009656037,1.929827356478122,0.9999999999999999,{}
random_cv_mixed,GPR,42,91,2,-2.822842675825754,5.572345972244967,4.5409287250656725,-0.9999999999999999,{}
random_cv_mixed,GPR,43,91,2,-0.912469100599091,5.1859518631756245,3.951485499251463,0.9999999999999999,{}
random_cv_mixed,GPR,44,92,1,,,,,{}
random_cv_mixed,GPR,45,92,1,,,,,{}
random_cv_mixed,GPR,46,92,1,,,,,{}
random_cv_mixed,GPR,47,92,1,,,,,{}
random_cv_mixed,GPR,48,92,1,,,,,{}
random_cv_mixed,GPR,49,92,1,,,,,{}
random_cv_mixed,GPR,50,92,1,,,,,{}
random_cv_mixed,RandomForest,1,91,2,-3.478185456960982,2.9626413039116906,2.4620217449772825,0.9999999999999999,"{'model__max_depth': 10, 'model__max_features': 0.5, 'model__min_samples_leaf': 4}"
random_cv_mixed,RandomForest,2,91,2,-0.6964347753205715,3.256181405535254,3.168046376342436,-0.9999999999999999,"{'model__max_depth': 5, 'model__max_features': 0.5, 'model__min_samples_leaf': 4}"
random_cv_mixed,RandomForest,3,91,2,0.7958093965467777,0.316312180751989,0.2978760220634191,0.9999999999999999,"{'model__max_depth': 5, 'model__max_features': 0.5, 'model__min_samples_leaf': 4}"
random_cv_mixed,RandomForest,4,91,2,0.004418769503056308,4.140820901975074,2.9469820407200054,0.9999999999999999,"{'model__max_depth': 5, 'model__max_features': 0.5, 'model__min_samples_leaf': 4}"
random_cv_mixed,RandomForest,5,91,2,0.9470964677186969,1.173039161595507,1.110584274293723,0.9999999999999999,"{'model__max_depth': 5, 'model__max_features': 0.5, 'model__min_samples_leaf': 4}"
random_cv_mixed,RandomForest,6,91,2,0.8550604508478422,2.1700428456492746,1.8559021013927577,0.9999999999999999,"{'model__max_depth': 10, 'model__max_features': 'sqrt', 'model__min_samples_leaf': 4}"
random_cv_mixed,RandomForest,7,91,2,-0.6175275058134113,0.9538654108521036,0.8266980086779228,-0.9999999999999999,"{'model__max_depth': 5, 'model__max_features': 0.3, 'model__min_samples_leaf': 4}"
random_cv_mixed,RandomForest,8,91,2,0.45491762934623214,2.362550205920411,2.019278319243549,0.9999999999999999,"{'model__max_depth': 5, 'model__max_features': 0.3, 'model__min_samples_leaf': 4}"
random_cv_mixed,RandomForest,9,91,2,-3.387506861476859,2.1993695266549063,1.5995652044197675,-0.9999999999999999,"{'model__max_depth': 10, 'model__max_features': 0.3, 'model__min_samples_leaf': 4}"
random_cv_mixed,RandomForest,10,91,2,-1.0154588491154684,2.3424531407729074,1.6851821382809247,0.9999999999999999,"{'model__max_depth': 5, 'model__max_features': 0.5, 'model__min_samples_leaf': 4}"
random_cv_mixed,RandomForest,11,91,2,-0.14129945919119336,2.777622066468452,2.238749557917191,0.9999999999999999,"{'model__max_depth': 5, 'model__max_features': 'sqrt', 'model__min_samples_leaf': 2}"
random_cv_mixed,RandomForest,12,91,2,0.58589200550395,3.153209943509973,2.3345993379935353,0.9999999999999999,"{'model__max_depth': 5, 'model__max_features': 0.3, 'model__min_samples_leaf': 4}"
random_cv_mixed,RandomForest,13,91,2,0.9315804764995912,1.6478989312852952,1.5585852597746523,0.9999999999999999,"{'model__max_depth': 15, 'model__max_features': 0.3, 'model__min_samples_leaf': 2}"
random_cv_mixed,RandomForest,14,91,2,0.6937882596750409,4.620589579783835,4.570567484195317,0.9999999999999999,"{'model__max_depth': 5, 'model__max_features': 'sqrt', 'model__min_samples_leaf': 4}"
random_cv_mixed,RandomForest,15,91,2,-5.379774277040034,4.5464787096839885,3.7384266126058456,-0.9999999999999999,"{'model__max_depth': 5, 'model__max_features': 'sqrt', 'model__min_samples_leaf': 4}"
random_cv_mixed,RandomForest,16,91,2,-2.098187349555154,1.7601668527600236,1.6782128412120052,-0.9999999999999999,"{'model__max_depth': 10, 'model__max_features': 0.3, 'model__min_samples_leaf': 4}"
random_cv_mixed,RandomForest,17,91,2,-36.135166531583714,1.5234657555140403,1.159006364457591,-0.9999999999999999,"{'model__max_depth': 5, 'model__max_features': 0.5, 'model__min_samples_leaf': 4}"
random_cv_mixed,RandomForest,18,91,2,-3.518678786455925,2.232004337376537,2.0296472149174125,-0.9999999999999999,"{'model__max_depth': 5, 'model__max_features': 0.5, 'model__min_samples_leaf': 4}"
random_cv_mixed,RandomForest,19,91,2,0.700365531184829,1.3137330552191293,1.3109090778363086,0.9999999999999999,"{'model__max_depth': 10, 'model__max_features': 0.3, 'model__min_samples_leaf': 2}"
random_cv_mixed,RandomForest,20,91,2,-0.07342690925447992,7.045229611866961,5.301614773072908,0.9999999999999999,"{'model__max_depth': 10, 'model__max_features': 0.3, 'model__min_samples_leaf': 2}"
random_cv_mixed,RandomForest,21,91,2,-1.3126023933213435,6.082897195674236,5.589610864577456,0.9999999999999999,"{'model__max_depth': 10, 'model__max_features': 'sqrt', 'model__min_samples_leaf': 4}"
random_cv_mixed,RandomForest,22,91,2,-2.1715711265125015,3.205602977584797,2.2947668370135825,-0.9999999999999999,"{'model__max_depth': 10, 'model__max_features': 0.5, 'model__min_samples_leaf': 4}"
random_cv_mixed,RandomForest,23,91,2,-0.626437059077966,2.486870908821761,2.397454435345776,-0.9999999999999999,"{'model__max_depth': 10, 'model__max_features': 0.5, 'model__min_samples_leaf': 4}"
random_cv_mixed,RandomForest,24,91,2,-112.35065012721188,5.323313116077493,4.508194450352487,-0.9999999999999999,"{'model__max_depth': 15, 'model__max_features': 0.3, 'model__min_samples_leaf': 2}"
random_cv_mixed,RandomForest,25,91,2,-1.3821997898656373,1.6206095360471182,1.2849553938584162,-0.9999999999999999,"{'model__max_depth': 10, 'model__max_features': 0.3, 'model__min_samples_leaf': 4}"
random_cv_mixed,RandomForest,26,91,2,-0.11730852602889019,3.1182330650171726,2.921381043393813,0.9999999999999999,"{'model__max_depth': 10, 'model__max_features': 'sqrt', 'model__min_samples_leaf': 4}"
random_cv_mixed,RandomForest,27,91,2,-2.9815828186252578,3.092855108430909,2.7521530668220917,0.9999999999999999,"{'model__max_depth': 10, 'model__max_features': 0.5, 'model__min_samples_leaf': 4}"
random_cv_mixed,RandomForest,28,91,2,-0.38903222166017715,11.638399599615514,9.158080217205463,0.9999999999999999,"{'model__max_depth': 10, 'model__max_features': 0.5, 'model__min_samples_leaf': 2}"
random_cv_mixed,RandomForest,29,91,2,-0.48435067091970474,11.708240755802901,8.79609824182848,0.9999999999999999,"{'model__max_depth': 15, 'model__max_features': 0.5, 'model__min_samples_leaf': 2}"
random_cv_mixed,RandomForest,30,91,2,-3.0131371252876322,1.7128057586934389,1.288742900932803,-0.9999999999999999,"{'model__max_depth': 10, 'model__max_features': 0.5, 'model__min_samples_leaf': 4}"
random_cv_mixed,RandomForest,31,91,2,-0.61928112623274,2.7613462106945814,2.5133889255068027,-0.9999999999999999,"{'model__max_depth': 10, 'model__max_features': 0.3, 'model__min_samples_leaf': 4}"
random_cv_mixed,RandomForest,32,91,2,-7.231780147030626,5.580414867258563,5.574806223042511,-0.9999999999999999,"{'model__max_depth': 10, 'model__max_features': 0.5, 'model__min_samples_leaf': 4}"
random_cv_mixed,RandomForest,33,91,2,-1.2621580631445184,3.3916264984578577,2.616839009881474,0.9999999999999999,"{'model__max_depth': 10, 'model__max_features': 0.3, 'model__min_samples_leaf': 4}"
random_cv_mixed,RandomForest,34,91,2,0.025424694901800993,5.987403218606195,5.656803535882055,0.9999999999999999,"{'model__max_depth': 10, 'model__max_features': 0.5, 'model__min_samples_leaf': 4}"
random_cv_mixed,RandomForest,35,91,2,-0.390097750908327,7.799244204167509,6.088010237892695,0.9999999999999999,"{'model__max_depth': 5, 'model__max_features': 0.5, 'model__min_samples_leaf': 4}"
random_cv_mixed,RandomForest,36,91,2,0.3854043419240383,7.055653641169816,5.185878662097373,0.9999999999999999,"{'model__max_depth': 10, 'model__max_features': 0.5, 'model__min_samples_leaf': 4}"
random_cv_mixed,RandomForest,37,91,2,0.6747909471674117,5.132439310838424,5.099138805153082,0.9999999999999999,"{'model__max_depth': 10, 'model__max_features': 0.5, 'model__min_samples_leaf': 4}"
random_cv_mixed,RandomForest,38,91,2,0.4739661614053854,1.8857329473972677,1.3649858708161355,0.9999999999999999,"{'model__max_depth': 10, 'model__max_features': 0.5, 'model__min_samples_leaf': 4}"
random_cv_mixed,RandomForest,39,91,2,0.40535334339132445,1.002473366064485,0.759194943205121,0.9999999999999999,"{'model__max_depth': 10, 'model__max_features': 0.5, 'model__min_samples_leaf': 4}"
random_cv_mixed,RandomForest,40,91,2,0.6983525863526965,1.5652894675906468,1.4696190437322363,0.9999999999999999,"{'model__max_depth': None, 'model__max_features': 0.5, 'model__min_samples_leaf': 4}"
random_cv_mixed,RandomForest,41,91,2,-0.45352974709131555,2.7729356938293894,2.501101879152742,0.9999999999999999,"{'model__max_depth': 15, 'model__max_features': 0.5, 'model__min_samples_leaf': 4}"
random_cv_mixed,RandomForest,42,91,2,-1.7003995311493822,4.683374338205399,3.97170462613479,0.9999999999999999,"{'model__max_depth': 10, 'model__max_features': 0.5, 'model__min_samples_leaf': 4}"
random_cv_mixed,RandomForest,43,91,2,-0.9499365318680486,5.2365047960824445,4.039144811982974,0.9999999999999999,"{'model__max_depth': None, 'model__max_features': 0.5, 'model__min_samples_leaf': 4}"
random_cv_mixed,RandomForest,44,92,1,,,,,"{'model__max_depth': 10, 'model__max_features': 0.5, 'model__min_samples_leaf': 4}"
random_cv_mixed,RandomForest,45,92,1,,,,,"{'model__max_depth': 10, 'model__max_features': 0.5, 'model__min_samples_leaf': 4}"
random_cv_mixed,RandomForest,46,92,1,,,,,"{'model__max_depth': 10, 'model__max_features': 'sqrt', 'model__min_samples_leaf': 4}"
random_cv_mixed,RandomForest,47,92,1,,,,,"{'model__max_depth': 5, 'model__max_features': 0.5, 'model__min_samples_leaf': 4}"
random_cv_mixed,RandomForest,48,92,1,,,,,"{'model__max_depth': 5, 'model__max_features': 0.5, 'model__min_samples_leaf': 4}"
random_cv_mixed,RandomForest,49,92,1,,,,,"{'model__max_depth': 5, 'model__max_features': 0.5, 'model__min_samples_leaf': 4}"
random_cv_mixed,RandomForest,50,92,1,,,,,"{'model__max_depth': 10, 'model__max_features': 0.5, 'model__min_samples_leaf': 4}"
random_cv_mixed,HistGB,1,91,2,-5.335414246780691,3.5238348320672195,3.0680062022298404,0.9999999999999999,"{'model__l2_regularization': 0.1, 'model__learning_rate': 0.05, 'model__max_depth': 3}"
random_cv_mixed,HistGB,2,91,2,-0.14611972112734994,2.6764245285540778,2.6539781719413496,-0.9999999999999999,"{'model__l2_regularization': 0.1, 'model__learning_rate': 0.05, 'model__max_depth': 3}"
random_cv_mixed,HistGB,3,91,2,0.16803243792863287,0.6384857910830671,0.5408744774266694,0.9999999999999999,"{'model__l2_regularization': 0.1, 'model__learning_rate': 0.05, 'model__max_depth': 3}"
random_cv_mixed,HistGB,4,91,2,-0.4562739229442734,5.008061265390812,3.576480153869741,0.9999999999999999,"{'model__l2_regularization': 0.1, 'model__learning_rate': 0.05, 'model__max_depth': 3}"
random_cv_mixed,HistGB,5,91,2,0.8446258895144395,2.010293663555009,1.432078582559786,0.9999999999999999,"{'model__l2_regularization': 0.0, 'model__learning_rate': 0.05, 'model__max_depth': 3}"
random_cv_mixed,HistGB,6,91,2,0.9774287368893069,0.8563529286844415,0.6924970844381031,0.9999999999999999,"{'model__l2_regularization': 0.1, 'model__learning_rate': 0.1, 'model__max_depth': 3}"
random_cv_mixed,HistGB,7,91,2,0.481214071016581,0.5402009672827104,0.441019460575764,0.9999999999999999,"{'model__l2_regularization': 0.1, 'model__learning_rate': 0.05, 'model__max_depth': 3}"
random_cv_mixed,HistGB,8,91,2,0.8710657256223331,1.1490374100208003,0.85061658316459,0.9999999999999999,"{'model__l2_regularization': 0.1, 'model__learning_rate': 0.05, 'model__max_depth': 3}"
random_cv_mixed,HistGB,9,91,2,-1.4061695716275588,1.6287424451764552,1.6055840007294782,-0.9999999999999999,"{'model__l2_regularization': 0.0, 'model__learning_rate': 0.05, 'model__max_depth': 3}"
random_cv_mixed,HistGB,10,91,2,-1.9917953245737432,2.853973155296316,2.8132485986615556,-0.9999999999999999,"{'model__l2_regularization': 0.1, 'model__learning_rate': 0.05, 'model__max_depth': 3}"
random_cv_mixed,HistGB,11,91,2,0.13286969247242775,2.42111562691384,2.0312307493376647,0.9999999999999999,"{'model__l2_regularization': 0.1, 'model__learning_rate': 0.05, 'model__max_depth': 3}"
random_cv_mixed,HistGB,12,91,2,0.6994424252048876,2.686333443716668,2.063507410293001,0.9999999999999999,"{'model__l2_regularization': 0.1, 'model__learning_rate': 0.05, 'model__max_depth': 3}"
random_cv_mixed,HistGB,13,91,2,0.7184552894112965,3.3428295743674417,2.959860696814159,0.9999999999999999,"{'model__l2_regularization': 0.1, 'model__learning_rate': 0.05, 'model__max_depth': 3}"
random_cv_mixed,HistGB,14,91,2,0.6743980322547878,4.764638831655087,4.71841221524012,0.9999999999999999,"{'model__l2_regularization': 0.0, 'model__learning_rate': 0.05, 'model__max_depth': 3}"
random_cv_mixed,HistGB,15,91,2,-4.105064444987334,4.066990140356751,2.9196584028501418,-0.9999999999999999,"{'model__l2_regularization': 0.1, 'model__learning_rate': 0.05, 'model__max_depth': 3}"
random_cv_mixed,HistGB,16,91,2,-1.9465518299819693,1.7165523091307013,1.6661862437569992,-0.9999999999999999,"{'model__l2_regularization': 0.1, 'model__learning_rate': 0.05, 'model__max_depth': 3}"
random_cv_mixed,HistGB,17,91,2,-121.49073516096256,2.7668883149776944,2.734745358738911,-0.9999999999999999,"{'model__l2_regularization': 0.0, 'model__learning_rate': 0.05, 'model__max_depth': 3}"
random_cv_mixed,HistGB,18,91,2,-1.4656560678411057,1.6487528058489627,1.6135552657257,-0.9999999999999999,"{'model__l2_regularization': 0.1, 'model__learning_rate': 0.05, 'model__max_depth': 3}"
random_cv_mixed,HistGB,19,91,2,-0.04007663432866981,2.4476195402335614,2.3674312135495166,0.9999999999999999,"{'model__l2_regularization': 0.0, 'model__learning_rate': 0.05, 'model__max_depth': 3}"
random_cv_mixed,HistGB,20,91,2,-0.3416597390899583,7.87644249236415,5.629832817674672,0.9999999999999999,"{'model__l2_regularization': 0.1, 'model__learning_rate': 0.05, 'model__max_depth': 3}"
random_cv_mixed,HistGB,21,91,2,0.4047768788121715,3.086028181822916,3.08020372042691,0.9999999999999999,"{'model__l2_regularization': 0.0, 'model__learning_rate': 0.05, 'model__max_depth': 3}"
random_cv_mixed,HistGB,22,91,2,0.22069040383614458,1.5890132446178333,1.4182277088368136,0.9999999999999999,"{'model__l2_regularization': 0.1, 'model__learning_rate': 0.1, 'model__max_depth': 3}"
random_cv_mixed,HistGB,23,91,2,-0.9097538127771321,2.694779930362599,2.634531299725607,-0.9999999999999999,"{'model__l2_regularization': 0.1, 'model__learning_rate': 0.05, 'model__max_depth': 3}"
random_cv_mixed,HistGB,24,91,2,-153.2257808388879,6.209383641692754,5.965474686865618,-0.9999999999999999,"{'model__l2_regularization': 0.0, 'model__learning_rate': 0.05, 'model__max_depth': 3}"
random_cv_mixed,HistGB,25,91,2,0.7044569914184549,0.5708206083886183,0.5700525667225227,0.9999999999999999,"{'model__l2_regularization': 0.0, 'model__learning_rate': 0.05, 'model__max_depth': 3}"
random_cv_mixed,HistGB,26,91,2,-0.7194993173875526,3.8683255821563334,3.1921997126851114,-0.9999999999999999,"{'model__l2_regularization': 0.1, 'model__learning_rate': 0.05, 'model__max_depth': 3}"
random_cv_mixed,HistGB,27,91,2,-9.524494307625506,5.028428936961349,4.86871390161607,0.9999999999999999,"{'model__l2_regularization': 0.1, 'model__learning_rate': 0.05, 'model__max_depth': 3}"
random_cv_mixed,HistGB,28,91,2,-0.23639380386654119,10.980333079199967,8.659595909257995,0.9999999999999999,"{'model__l2_regularization': 0.0, 'model__learning_rate': 0.1, 'model__max_depth': 3}"
random_cv_mixed,HistGB,29,91,2,-0.5998085051268112,12.155067875019137,9.319543188921257,0.9999999999999999,"{'model__l2_regularization': 0.1, 'model__learning_rate': 0.05, 'model__max_depth': 3}"
random_cv_mixed,HistGB,30,91,2,-16.923852010575196,3.6197767770997706,3.1638698406202455,-0.9999999999999999,"{'model__l2_regularization': 0.1, 'model__learning_rate': 0.1, 'model__max_depth': 3}"
random_cv_mixed,HistGB,31,91,2,-0.3546076302434997,2.52561118742644,2.311455483555423,-0.9999999999999999,"{'model__l2_regularization': 0.0, 'model__learning_rate': 0.05, 'model__max_depth': 3}"
random_cv_mixed,HistGB,32,91,2,-16.07049445527233,8.036050478105293,7.824726717370545,-0.9999999999999999,"{'model__l2_regularization': 0.1, 'model__learning_rate': 0.1, 'model__max_depth': 3}"
random_cv_mixed,HistGB,33,91,2,-0.02827397389515296,2.2866567000986886,2.272776266766761,0.9999999999999999,"{'model__l2_regularization': 0.1, 'model__learning_rate': 0.05, 'model__max_depth': 3}"
random_cv_mixed,HistGB,34,91,2,-0.4069276646528963,7.193937988008843,6.339436669835854,-0.9999999999999999,"{'model__l2_regularization': 0.1, 'model__learning_rate': 0.1, 'model__max_depth': 3}"
random_cv_mixed,HistGB,35,91,2,-0.172675623216618,7.163393314116429,5.951905106058175,0.9999999999999999,"{'model__l2_regularization': 0.0, 'model__learning_rate': 0.05, 'model__max_depth': 3}"
random_cv_mixed,HistGB,36,91,2,-0.002128932069939582,9.009575100839388,7.082576919674459,0.9999999999999999,"{'model__l2_regularization': 0.1, 'model__learning_rate': 0.05, 'model__max_depth': 3}"
random_cv_mixed,HistGB,37,91,2,0.24951028760056004,7.7967728390889075,7.77654120959261,0.9999999999999999,"{'model__l2_regularization': 0.0, 'model__learning_rate': 0.05, 'model__max_depth': 3}"
random_cv_mixed,HistGB,38,91,2,-0.21982009641913614,2.8715821164983844,2.1223817092904866,0.9999999999999999,"{'model__l2_regularization': 0.0, 'model__learning_rate': 0.05, 'model__max_depth': 3}"
random_cv_mixed,HistGB,39,91,2,-0.5030648879625004,1.5937941086152307,1.3831583558343068,-0.9999999999999999,"{'model__l2_regularization': 0.0, 'model__learning_rate': 0.05, 'model__max_depth': 3}"
random_cv_mixed,HistGB,40,91,2,0.9179911226074137,0.8161599761206616,0.6861928340729095,0.9999999999999999,"{'model__l2_regularization': 0.1, 'model__learning_rate': 0.05, 'model__max_depth': 3}"
random_cv_mixed,HistGB,41,91,2,0.4533333033970235,1.7005489775451197,1.4025344353054852,0.9999999999999999,"{'model__l2_regularization': 0.1, 'model__learning_rate': 0.05, 'model__max_depth': 3}"
random_cv_mixed,HistGB,42,91,2,-1.8169731511581388,4.783394654456393,4.322238085658118,0.9999999999999999,"{'model__l2_regularization': 0.0, 'model__learning_rate': 0.05, 'model__max_depth': 3}"
random_cv_mixed,HistGB,43,91,2,-1.004540471296552,5.309317317471971,4.170345612797666,0.9999999999999999,"{'model__l2_regularization': 0.0, 'model__learning_rate': 0.05, 'model__max_depth': 3}"
random_cv_mixed,HistGB,44,92,1,,,,,"{'model__l2_regularization': 0.0, 'model__learning_rate': 0.1, 'model__max_depth': 3}"
random_cv_mixed,HistGB,45,92,1,,,,,"{'model__l2_regularization': 0.1, 'model__learning_rate': 0.05, 'model__max_depth': 3}"
random_cv_mixed,HistGB,46,92,1,,,,,"{'model__l2_regularization': 0.1, 'model__learning_rate': 0.05, 'model__max_depth': 3}"
random_cv_mixed,HistGB,47,92,1,,,,,"{'model__l2_regularization': 0.1, 'model__learning_rate': 0.05, 'model__max_depth': 3}"
random_cv_mixed,HistGB,48,92,1,,,,,"{'model__l2_regularization': 0.1, 'model__learning_rate': 0.05, 'model__max_depth': 3}"
random_cv_mixed,HistGB,49,92,1,,,,,"{'model__l2_regularization': 0.0, 'model__learning_rate': 0.05, 'model__max_depth': 3}"
random_cv_mixed,HistGB,50,92,1,,,,,"{'model__l2_regularization': 0.0, 'model__learning_rate': 0.05, 'model__max_depth': 3}"
